id;first_name;last_name;birthday;phone_number;email
1;Đức Quang;Trịnh;2025-07-05;deduction;NhaTrang.Vuong@yahoo.com
2;Việt Thông;Đỗ;2025-07-04;muffled while drat;LucBinh.Ha50@yahoo.com
3;Minh Hùng;Lê;2025-07-05;abaft;VietKhang_Truong@gmail.com
4;Thanh Mẫn;Đào;2025-07-04;naturally mortise abaft;NhuPhuong.Nguyen90@hotmail.com
5;Khánh Trang;Tăng;2025-07-05;or safe;XuanNhien5@yahoo.com
6;Xuân Phương;Bùi;2025-07-04;sometimes;HongPhuong90@hotmail.com
7;Đức Khiêm;Hồ;2025-07-05;season;DuyKhanh_Trinh3@yahoo.com
8;Gia Cẩn;Lê;2025-07-05;yippee finally;BachTuyet42@hotmail.com
9;Vạn Thông;Đào;2025-07-05;so trash;KimNgoc85@gmail.com
10;Hồng Nhạn;Nguyễn;2025-07-05;always;XuanHien_Ho82@yahoo.com
